{
  "Q2.5-base": {
    "n": 156,
    "words_mean": 170.26282051282053,
    "dollar_mean": 29.256637168141594,
    "extract_rate": 0.7243589743589743
  },
  "Q2.5-instruct": {
    "n": 156,
    "words_mean": 240.37179487179486,
    "dollar_mean": 8.503703703703703,
    "extract_rate": 0.8653846153846154
  },
  "Q3-base": {
    "n": 156,
    "words_mean": 244.6602564102564,
    "dollar_mean": 16.028846153846153,
    "extract_rate": 0.6666666666666666
  },
  "Q3-instruct": {
    "n": 156,
    "words_mean": 373.0769230769231,
    "dollar_mean": 5.544776119402985,
    "extract_rate": 0.8589743589743589
  }
}